"Guid","IsActive","Pricebook2Id","Product2Id","UnitPrice","UseStandardPrice"
00a10e92-3465-4fa5-bb89-7b1a3ad002b8,true,5d45bac1-246b-4109-8a69-2e6391a848db,c0d649b1-4d7b-4263-9c48-3278b0feadd0,416.9861,false
02e60b03-7f54-4084-bc44-75623f695bb0,true,5d45bac1-246b-4109-8a69-2e6391a848db,9468c746-6cb5-4007-983d-12d61900f92c,0.0,false
032a6110-3537-486f-b82e-2a855b240a21,true,5d45bac1-246b-4109-8a69-2e6391a848db,cf524c8d-8f40-4eea-bc2d-a2a799cfdcc0,3336.0,false
043ff65c-627b-44be-8314-31ebf5364da3,true,5d45bac1-246b-4109-8a69-2e6391a848db,896af29b-997a-418c-89e1-050b785c375e,11120.0,false
053032ff-cfd5-4463-ba30-61e4b6d3aa24,true,5d45bac1-246b-4109-8a69-2e6391a848db,e36a5728-6d9d-4cce-9c59-9a28a8a68288,3686.28,false
05d73f16-6683-4a05-96fc-a8080c3c8292,true,5d45bac1-246b-4109-8a69-2e6391a848db,6a9a8e75-62cf-41c1-ad32-b2ff516656a6,40.31,false
07da56d7-3e5a-4876-b453-93a9d986809a,true,5d45bac1-246b-4109-8a69-2e6391a848db,46d6bd69-691d-470b-9b55-6021fb64dfa6,139.0,false
07fe1915-497c-4027-aa22-2f12c2ce49eb,true,5d45bac1-246b-4109-8a69-2e6391a848db,4a6e52d5-0ffd-405d-84a3-300b201400e5,7645.0,false
10d8f834-ce94-42be-98ac-901e1019fe8f,true,5d45bac1-246b-4109-8a69-2e6391a848db,66b8c865-5413-4ce4-aca3-b99d7b8d2c85,139.0,false
121abe6f-5a4e-42a6-936d-09fced323e1e,true,5d45bac1-246b-4109-8a69-2e6391a848db,a81d234f-7869-42e2-ac8b-9ee605564dec,137.61,false
1256e19d-92fc-486f-b34d-85c3835de0bc,true,5d45bac1-246b-4109-8a69-2e6391a848db,9f6f5fd4-7200-4cec-be81-96e28fb3a70f,0.0,false
13a63c66-e003-46e2-94b6-0e4caa917526,true,5d45bac1-246b-4109-8a69-2e6391a848db,41061105-ce83-4d85-972b-609b0819108b,2780.0,false
15dcdeba-ea07-44eb-92d6-8fcd91c184b8,true,5d45bac1-246b-4109-8a69-2e6391a848db,b9f69267-a7f8-457e-a6e0-8916335f3376,1790.32,false
16cfad01-6998-43ec-a544-d02017fcce22,true,5d45bac1-246b-4109-8a69-2e6391a848db,65cdc525-486d-45e1-8fb4-2ab9d8878bb2,2780.0,false
17172214-e2ec-4474-80a8-8fb4bda9c7b8,true,5d45bac1-246b-4109-8a69-2e6391a848db,f6622c46-8b79-438d-a2fd-f77a58c41e1f,943.81,false
19741f56-3aa0-43e7-96da-47e06d83f407,true,5d45bac1-246b-4109-8a69-2e6391a848db,8048e03a-bcf5-4b77-bc00-ef45c6266929,340.55,false
19b9623a-85af-4640-aa93-207b45de72e3,true,5d45bac1-246b-4109-8a69-2e6391a848db,e399285b-2fb4-46a3-a271-b5316047c796,926.4211,false
1c191bdf-5800-408b-b56d-69959fc03cfb,true,5d45bac1-246b-4109-8a69-2e6391a848db,a36ee34d-cacf-456a-acc8-919fc0297161,0.0,false
1cf7ae7d-50cf-4fd2-b155-5f2dbfafa2c3,true,5d45bac1-246b-4109-8a69-2e6391a848db,902a3a42-20fc-4bd9-97ca-c13c58ebe3a4,729.75,false
1dc75d8b-d731-4742-a14e-ebe1dfa4de9d,true,5d45bac1-246b-4109-8a69-2e6391a848db,5cb52ca0-6369-4404-adba-78abdd2218a0,208.5,false
1f2afd25-d109-4bff-9868-73679992af4d,true,5d45bac1-246b-4109-8a69-2e6391a848db,6735f872-3f51-4346-b469-e9df2d79aa7c,347.5,false
24d20f03-fb6b-4993-bc6f-aab1fdd467ec,true,5d45bac1-246b-4109-8a69-2e6391a848db,78d64657-dc16-4e10-b111-24306e3c5574,2578.45,false
24d8ddec-9ed0-4cd7-9fcf-b6b1fde53f5c,true,5d45bac1-246b-4109-8a69-2e6391a848db,ff4ed5ca-9f4a-41be-9273-ea66689fa3fb,208.5,false
250b4adb-8dd3-4b19-b9cf-1a66e669edd6,true,5d45bac1-246b-4109-8a69-2e6391a848db,4cc20a18-706f-4163-a10b-054d4488520b,1390.0,false
25a31b1f-c7df-4ac7-9c62-4d100b052281,true,5d45bac1-246b-4109-8a69-2e6391a848db,61bec0a7-f549-40c6-bff1-b779a971e5dd,2780.0,false
26381109-7eb5-44e0-b2ba-8609d8a6b667,true,5d45bac1-246b-4109-8a69-2e6391a848db,6e021c5b-b7fb-4dea-a967-1d9d648ea606,7810.0347,false
26ca2893-a747-413c-9428-79066ff7bf0f,true,5d45bac1-246b-4109-8a69-2e6391a848db,60dc15f4-8fe1-4eb1-90bd-feb4f9e076dc,11120.0,false
284fd9e9-a931-4b25-8186-2105e78950f2,true,5d45bac1-246b-4109-8a69-2e6391a848db,23534712-a9a3-4019-ac56-97be3f9e5c6d,708.9,false
2a05498c-af21-4fc3-9427-5a4dade57db9,true,5d45bac1-246b-4109-8a69-2e6391a848db,853b0bf3-2cba-4cad-a08b-95fd861371c2,236.3,false
2a9af850-59e0-4c74-a902-916f534a15ce,true,5d45bac1-246b-4109-8a69-2e6391a848db,358843c2-7d32-4763-a8ec-8e9b8d67d96d,241.86,false
2d83bb16-8a0a-4192-8c59-3d6bf164f63a,true,5d45bac1-246b-4109-8a69-2e6391a848db,59a4a1c9-9638-4ada-bcfa-739b6bf79281,11815.0,false
333d090d-f554-4707-816c-f3868ac3b350,true,5d45bac1-246b-4109-8a69-2e6391a848db,06cf627c-e160-4e19-b16d-c944de9c5047,278.0,false
33e1f7e6-08d7-47a6-bc2f-51bc41139184,true,5d45bac1-246b-4109-8a69-2e6391a848db,d9e90edc-b8ff-4ad5-af07-c488e70b830c,8340.0,false
366b2e03-5fcc-4b6a-9417-6af58a7715a0,true,5d45bac1-246b-4109-8a69-2e6391a848db,38c288ab-392d-4f23-b6e8-836f1b949548,139.0,false
36972a7d-4079-4754-84a9-78a3bd926ca8,true,5d45bac1-246b-4109-8a69-2e6391a848db,5cc9b538-daad-4bc7-92f7-ff7c61013d1d,139.0,false
36f7310c-033b-47f9-a6fd-91a51556c8ee,true,5d45bac1-246b-4109-8a69-2e6391a848db,c2086db3-dfb8-4dd1-9f6b-b78887b42955,1611.01,false
373735ab-3774-49dc-a3c5-14557915918b,true,5d45bac1-246b-4109-8a69-2e6391a848db,95ec6a2b-5559-4b80-9693-05d1f277c293,0.0,false
37ee3746-377d-4285-86c3-5cde343c5029,true,5d45bac1-246b-4109-8a69-2e6391a848db,c8ca3382-efb7-4c99-a465-41535d022d8c,139.0,false
3b980638-a536-4253-ad5d-a80ac745df72,true,5d45bac1-246b-4109-8a69-2e6391a848db,4c1f99db-15b0-4cc0-805d-44e3732fb417,13.9,false
3be252ad-3b2f-443b-9a9e-ae0613d8ec41,true,5d45bac1-246b-4109-8a69-2e6391a848db,ae04b2bd-7ce9-479e-9620-af9e85882a00,16.68,false
3e33aa25-29fc-4785-8d0d-9b3f5845e5ae,true,5d45bac1-246b-4109-8a69-2e6391a848db,73216cb2-11e8-42e3-8f81-42ccb80cd808,3127.5,false
3f7eb26d-465d-4474-a06d-ed8c05a0b561,true,5d45bac1-246b-4109-8a69-2e6391a848db,689a8222-d3f1-4f86-9470-b3a2cc02b5d4,5560.0,false
3f8da781-a6ea-4ced-8de6-e0d069941b97,true,5d45bac1-246b-4109-8a69-2e6391a848db,09bd99c5-34cf-459e-9a87-15bcfd561bb3,19460.0,false
42fa7307-7c52-4f45-92a0-1946325fd3be,true,5d45bac1-246b-4109-8a69-2e6391a848db,a668266b-0c15-41d8-9811-0a4f0c4f6612,139.0,false
47e86055-8d8e-4704-bcfe-d77d653eda9f,true,5d45bac1-246b-4109-8a69-2e6391a848db,08231f46-9f76-496a-b879-f400c558f454,0.0,false
494f3417-29ae-43d0-9688-e5e8b4a0d40d,true,5d45bac1-246b-4109-8a69-2e6391a848db,38ae972a-8829-40cb-9f1b-5d22b12e6d57,347.5,false
4b6e6159-43d8-4206-9281-882f96e00f6f,true,5d45bac1-246b-4109-8a69-2e6391a848db,ab173233-a4c8-41e9-bf95-ea0f80c688f7,69.5,false
4c163e9b-913a-4b3c-bea1-4e27c0d7a96e,true,5d45bac1-246b-4109-8a69-2e6391a848db,c62d1e56-be00-49e2-a473-81938f25c902,1390.0,false
4c300956-14be-42b0-b455-ffe0f6b8347c,true,5d45bac1-246b-4109-8a69-2e6391a848db,0e3737f3-8b56-4b82-b1ee-e22cef0baafb,6950.0,false
5505ee99-dc18-4b2a-a32c-80fec14ea7fc,true,5d45bac1-246b-4109-8a69-2e6391a848db,1914a0f0-7c8c-424f-b41d-eb1bdb095d7f,6950.0,false
56da9d4f-3003-4107-8251-ef0b26964424,true,5d45bac1-246b-4109-8a69-2e6391a848db,be38c70f-7667-4d7a-9a2a-888e4eb6e8be,278.0,false
571c6260-9077-46fd-bab3-092339965bd8,true,5d45bac1-246b-4109-8a69-2e6391a848db,cf9be052-21cf-4be6-bb4f-068e0e4200ac,139.0,false
580aa7d7-14ec-4457-b29b-e2b20c09565c,true,5d45bac1-246b-4109-8a69-2e6391a848db,e7bb283a-a6a9-421b-b183-8d4a6d08e049,20850.0,false
59046a66-538e-404c-8d9c-507ec3bd2b53,true,5d45bac1-246b-4109-8a69-2e6391a848db,5dd877e7-98d4-4bde-86da-e7970c3d438e,1202.35,false
5a7736b0-f06b-42d8-a36b-8a4670051b93,true,5d45bac1-246b-4109-8a69-2e6391a848db,3e343e8a-9db9-40b1-aa73-3d268e85e4c0,2130.87,false
5c623a8a-03db-4dcc-a2c3-28a3d16a507a,true,5d45bac1-246b-4109-8a69-2e6391a848db,15183f33-731a-4c9c-8c9b-96f3b9dd222d,2578.45,false
5cc9a1f6-df8a-4313-9998-5ead6d6967a7,true,5d45bac1-246b-4109-8a69-2e6391a848db,89345bf7-d391-4587-841f-4622b0fecebb,312.75,false
5e2d6217-c546-4643-aab3-b717c0b1c5e7,true,5d45bac1-246b-4109-8a69-2e6391a848db,cb800784-d28a-41f6-84e3-ab40e93b98ad,369.74,false
5e9c2088-1ec4-4434-bd4c-509641f3b8eb,true,5d45bac1-246b-4109-8a69-2e6391a848db,a14efcb9-9769-4154-9355-751675db35c8,34.75,false
613a8d83-89bf-4552-b747-0fd0ce9aa4e7,true,5d45bac1-246b-4109-8a69-2e6391a848db,3a0e725d-1ac2-44c6-8be3-a25768fac3f9,417.0,false
62533c50-8314-4786-9fee-fe3188885eb0,true,5d45bac1-246b-4109-8a69-2e6391a848db,02d61f83-f42f-4b36-81c7-e1ad125cd172,221.01,false
62614a99-8d09-4fdc-9ad2-c6f363e337ec,true,5d45bac1-246b-4109-8a69-2e6391a848db,59c61390-94aa-4db7-8605-b45fbdcee336,3614.0,false
62b3138b-95c7-4755-a83a-81284dba5c0f,true,5d45bac1-246b-4109-8a69-2e6391a848db,7a31e26f-8bf5-493b-8e8f-1c7e33eed41a,34750.0,false
639884c8-ff08-4534-ad3e-a207dc782c00,true,5d45bac1-246b-4109-8a69-2e6391a848db,b6eb1ac5-634b-41a2-a600-5262887e0890,764.5,false
64603b4e-7a63-4605-9c47-bd2dda49c228,true,5d45bac1-246b-4109-8a69-2e6391a848db,8695b61a-a5e8-4586-8f58-74a30aa39fee,347.5,false
64db20ce-81e4-413a-81e1-1aa5345bc6ae,true,5d45bac1-246b-4109-8a69-2e6391a848db,a69e33e9-1966-4fc7-a7eb-52af457a5d90,931.3,false
65dcdaab-eab4-41d7-a723-a91914e366d6,true,5d45bac1-246b-4109-8a69-2e6391a848db,8059d276-8d00-4f4f-9088-0a709d44023d,6.95,false
6632957f-d6f8-4726-b85a-1822421c89f9,true,5d45bac1-246b-4109-8a69-2e6391a848db,915f4717-0fc6-44a4-8062-d547dfb53250,3336.0,false
665fc89d-b549-4351-8593-a0e3bfbb577e,true,5d45bac1-246b-4109-8a69-2e6391a848db,060cb8f3-3ddc-4cca-8441-2e5f9a8bb983,3336.0,false
68e444f9-8899-4ce8-acff-6f733fc9fceb,true,5d45bac1-246b-4109-8a69-2e6391a848db,3a83129e-095a-4100-98b1-f1e9cdd3498e,6950.0,false
69014c0f-27e2-462d-86c7-9180105f405f,true,5d45bac1-246b-4109-8a69-2e6391a848db,6cd3df9c-84a6-4463-b924-60b5d41c9dcc,554.61,false
6ba8c167-aaac-4c91-b290-98a30ff87dbb,true,5d45bac1-246b-4109-8a69-2e6391a848db,3007f87b-0cdf-4721-a40d-5cfd6d9c3a67,4170.0,false
6cc06640-0750-42fb-9c49-a884490af38d,true,5d45bac1-246b-4109-8a69-2e6391a848db,17c22104-c099-4929-8cf4-f2691bd8a5a6,56.99,false
6cc18e2a-8e92-4216-85ba-7fd2b0806b6f,true,5d45bac1-246b-4109-8a69-2e6391a848db,1b346c27-d539-4fbe-8411-b3189b2fef17,139.0,false
6dde42bd-ff8e-4ff8-9bde-59cae24f187d,true,5d45bac1-246b-4109-8a69-2e6391a848db,0014acb7-33cb-49aa-97d6-19958d1b9c86,423.95,false
702ff401-d4e7-481c-9dee-aaceedebc0d4,true,5d45bac1-246b-4109-8a69-2e6391a848db,015516f1-f7d7-4938-b4da-694adfd09b41,1202.35,false
711053de-84a5-4383-a282-25874f3427b3,true,5d45bac1-246b-4109-8a69-2e6391a848db,7cdff893-03e8-4a68-b8ff-9422e2a4b476,1912.084,false
7245e8a9-e32c-4213-bd58-da9b877fd961,true,5d45bac1-246b-4109-8a69-2e6391a848db,fa45c0e9-9060-4fb1-8eb4-253a0c31557f,2488.1,false
7739fbb2-b9f6-4b0a-b146-729b9274e0ca,true,5d45bac1-246b-4109-8a69-2e6391a848db,b9af9b77-9800-4461-8b15-3a6602d96354,1559.58,false
7c9cea1b-6d85-476c-8f87-1abe61ce21f7,true,5d45bac1-246b-4109-8a69-2e6391a848db,a58dcd70-e8b9-420c-ba5e-bd021b91a610,34.75,false
7cf9fb15-bc1c-4f6b-9cc7-684773a5480f,true,5d45bac1-246b-4109-8a69-2e6391a848db,50960603-54d8-4996-a1f7-97543cc3c53f,3475.0,false
7e85b921-fdfa-4ea6-b448-a670c9a46da2,true,5d45bac1-246b-4109-8a69-2e6391a848db,06a307a4-cbf7-4ba0-b795-46150579d679,173.75,false
80324f4c-cdb0-4b3f-ac4d-327f2b48ef25,true,73ce86d2-4e80-4277-b3f7-2c536fd54860,c1033eee-2af0-467f-94f3-dca57b9648ef,300.0,false
81d1728f-689b-4aa3-b1f6-98c256386c52,true,5d45bac1-246b-4109-8a69-2e6391a848db,c3caddb3-8dc7-4681-b3ad-6a15e4f72614,2780.0,false
82e6abba-e46d-41dd-84c0-0f3fcb4026da,true,5d45bac1-246b-4109-8a69-2e6391a848db,83aa259f-8eb2-40b4-9280-b92373408b20,1.7375,false
8308a2cf-7712-42cb-b854-8b9d3a345647,true,5d45bac1-246b-4109-8a69-2e6391a848db,f58abc78-c2af-4f90-b8a1-0e95a2eb5b93,139.0,false
8374bcb3-cc26-4958-a286-0f7c55075954,true,5d45bac1-246b-4109-8a69-2e6391a848db,4da68d62-9062-4cb6-bd43-ec0369508b5c,729.75,false
84ab9568-9ad8-4569-bcd5-8f94b86c1de6,true,5d45bac1-246b-4109-8a69-2e6391a848db,6b5f276e-af80-445f-a10f-825ec06131d7,139.0,false
85ce0a12-c4ee-471e-b0e3-931fc46c460e,true,5d45bac1-246b-4109-8a69-2e6391a848db,dcdfdd84-96e1-46a5-b854-762a181d07e4,100.0,false
8a6a2dff-8a9f-4cbb-b917-33b75689ee81,true,5d45bac1-246b-4109-8a69-2e6391a848db,a2bc1766-31a2-40af-910c-fb1a73f21b09,27800.0,false
8ad7face-0330-438f-9e83-7b9c15d29995,true,5d45bac1-246b-4109-8a69-2e6391a848db,7a4f7f60-3fe1-4936-b8ae-b8b6cbe0e3fd,278.0,false
903691b1-da9f-4cdb-88db-0b49479365a9,true,5d45bac1-246b-4109-8a69-2e6391a848db,1fac4645-7cf8-4ea3-a775-0bf15832f818,16680.0,false
910a2485-425c-4928-82a9-c9cc7b1ce0e6,true,5d45bac1-246b-4109-8a69-2e6391a848db,81176030-9576-4997-a0c9-2ee1c91169ee,417.0,false
92048d7b-3415-4361-bb53-929603aa8831,true,5d45bac1-246b-4109-8a69-2e6391a848db,e4fa8fec-be63-42a7-906e-c5069012cd03,0.0,false
92be58c7-1e1b-4dea-9ee2-7c0a84d35b65,true,5d45bac1-246b-4109-8a69-2e6391a848db,fad2527b-6c37-4f92-92c0-21dc42b42661,1559.58,false
92df0722-d925-47ef-b3be-f9040aee2a9b,true,5d45bac1-246b-4109-8a69-2e6391a848db,86a2d490-8de1-4e90-92a2-08a7fc8a7704,27800.0,false
93625d16-30e3-4ddc-a204-6910f8526e53,true,5d45bac1-246b-4109-8a69-2e6391a848db,f77f5f5f-c61c-4bbf-8f6f-fe395cc44a69,9730.0,false
93895f7e-3040-4045-a06c-9dd44af0d887,true,5d45bac1-246b-4109-8a69-2e6391a848db,10bf9e05-6384-4ee5-9396-c86bebb7ef46,2502.0,false
94587041-28ae-48c7-905b-71bc0250d01a,true,5d45bac1-246b-4109-8a69-2e6391a848db,4aa72e15-598c-465f-b862-7a75bcb1e207,0.0,false
95a1b39b-518a-45c1-b9a4-9f4988401bcc,true,5d45bac1-246b-4109-8a69-2e6391a848db,1f2f72f6-6d42-4a65-b9b1-b1eeb13e1e53,0.0,false
98be5a34-caa6-4416-bddc-41e2e5bec7f6,true,5d45bac1-246b-4109-8a69-2e6391a848db,c6bad5d6-66a9-4d92-b9a9-244579f0744d,0.0,false
99ed8a54-3a10-40e9-9de2-094b2755905d,true,5d45bac1-246b-4109-8a69-2e6391a848db,2b1a0432-a512-432e-8b36-3025a03b8589,1390.0,false
9a658a1b-5787-4fdd-a184-33f419e1466d,true,5d45bac1-246b-4109-8a69-2e6391a848db,886c3b64-70ed-4199-9fc3-7320faa3ce0b,6950.0,false
9a66fe0b-49d9-4a71-8db9-b37469caaf51,true,5d45bac1-246b-4109-8a69-2e6391a848db,8eac1e42-aae8-4966-8ff4-a933570d49b7,69.5,false
9bf108e3-f40c-4fd5-82f4-2f2177adb7ff,true,5d45bac1-246b-4109-8a69-2e6391a848db,115643dc-d7c8-44ca-b727-da9006e983a4,16680.0,false
a072d186-43c5-4cc1-8ed6-b086cf2c3baa,true,5d45bac1-246b-4109-8a69-2e6391a848db,05369d73-165c-453f-a992-db1558543257,4110.23,false
a0e5d323-68e5-463f-ba6b-45d2183d6a26,true,5d45bac1-246b-4109-8a69-2e6391a848db,dfab8736-f4ca-4855-b0e3-18e65bbe7e82,50.04,false
a28b7e37-2042-4c3b-80d2-9445a9e54064,true,5d45bac1-246b-4109-8a69-2e6391a848db,6c3bc0c4-4f13-4173-89ee-433bd34704e2,20.85,false
a35c1b8f-e326-4f49-9aa2-4ca720702589,true,5d45bac1-246b-4109-8a69-2e6391a848db,833064ca-2fcc-42db-9c34-d85963c0a24d,1125.9,false
aafbeaf9-e66f-4cb7-9a07-787655e450c0,true,5d45bac1-246b-4109-8a69-2e6391a848db,792a417e-6ae2-4b4f-9669-84abbb829b8a,3352.68,false
abfe73c8-0452-4d8e-9f11-e5d851d7b0df,true,5d45bac1-246b-4109-8a69-2e6391a848db,db0173be-5259-45b6-9bb6-a7ab0313d45b,18.07,false
afc83b40-a0c8-40c9-892e-522c2cc627d9,true,5d45bac1-246b-4109-8a69-2e6391a848db,6c3698e7-e04f-4986-b6e4-f6fbe08d0be1,0.0,false
b183b931-3312-436b-b5c0-8633d7127ef3,true,5d45bac1-246b-4109-8a69-2e6391a848db,e34721a6-a6f8-4443-9c11-759eba41c254,12.51,false
b1a151b8-8715-407f-8137-8f4a7ad91199,true,5d45bac1-246b-4109-8a69-2e6391a848db,7c17fafe-b4db-4afc-9f0e-e0bbdee6c517,0.0,false
b280d360-0da3-4555-adc1-ef10c33f9644,true,5d45bac1-246b-4109-8a69-2e6391a848db,18449064-9f4d-4139-a9bd-b7c961ecf330,6950.0,false
b52e20a4-a0dc-4e10-bb81-367bc9cf2c9c,true,5d45bac1-246b-4109-8a69-2e6391a848db,0c7eb3a9-25fa-4b02-82fb-0388a25f47e1,276.61,false
b70832b4-e942-47d7-b9e4-a074190b78a5,true,5d45bac1-246b-4109-8a69-2e6391a848db,4320a465-77b6-4dd9-baa2-820f03457721,2047.47,false
b8767120-15b7-465e-8311-d3d0b6d19241,true,5d45bac1-246b-4109-8a69-2e6391a848db,51086812-5ff2-42b3-bee3-eee0b0a065ab,312.75,false
bb872727-600d-405d-9f32-977b49b51a26,true,5d45bac1-246b-4109-8a69-2e6391a848db,dbebd589-26e4-43bb-a2fe-0b824d02c79c,111.2,false
be2474e5-fc77-48d0-b4c3-8e0e73f5fcba,true,5d45bac1-246b-4109-8a69-2e6391a848db,654338f1-3037-4ae3-ab68-6bb593b7c514,834.0,false
c1ef3db2-401f-4669-9257-a30df8e38f32,true,5d45bac1-246b-4109-8a69-2e6391a848db,476f18d2-4684-4c0a-83cb-1a284dd5715b,554.61,false
c2b470f9-195e-451f-a0ae-9f1239b82f50,true,5d45bac1-246b-4109-8a69-2e6391a848db,c681caf0-e85c-4129-90b4-6147fd221256,11.0505,false
c3e41d58-bc3a-46cc-8b68-16f1076fdefb,true,5d45bac1-246b-4109-8a69-2e6391a848db,30d9181d-d4d3-4501-bad9-fec95970f0ae,347.5,false
c475d64a-0e9f-4bf4-ab3b-e10dcdf17281,true,5d45bac1-246b-4109-8a69-2e6391a848db,4f20140b-420a-4486-aa87-bc521c1be9aa,4029.61,false
c5c2f498-7b78-4a05-aa08-1710b3ce4a80,true,5d45bac1-246b-4109-8a69-2e6391a848db,32fc3674-fc76-4633-9ece-f87c6d5f1d7a,1069.605,false
c670fbe0-b510-4ccc-b7c1-ce8448ee883d,true,5d45bac1-246b-4109-8a69-2e6391a848db,20e71b32-74ec-4432-8701-9b32b1904604,619.94,false
c8f80f85-a18a-46ab-b8a2-3028caeafc83,true,5d45bac1-246b-4109-8a69-2e6391a848db,b162baef-7311-4c69-8a60-5c91769c81e0,278.0,false
cc4196f0-c197-4dc8-822f-268f35ec2754,true,5d45bac1-246b-4109-8a69-2e6391a848db,002bc9af-fc89-44cc-b03e-216f7174e76e,13900.0,false
cd04a6b8-8ca1-489e-8300-a7e513b61ba5,true,5d45bac1-246b-4109-8a69-2e6391a848db,6025b4e9-c394-4f31-adb8-d4e9479cb46e,24325.0,false
cd2cdf96-6cf7-4eb0-9ebb-2f4199193d13,true,5d45bac1-246b-4109-8a69-2e6391a848db,8eba8e70-a1b4-41a4-91a9-827630c7ef91,312.75,false
cd493be2-bc24-4fe6-9dcd-440f86222cb9,true,5d45bac1-246b-4109-8a69-2e6391a848db,bd23de54-1048-4ac7-a499-6a5fdf2d2650,3686.28,false
ce055486-a9fa-4b65-81f0-d9517e24ed27,true,5d45bac1-246b-4109-8a69-2e6391a848db,4450a5e6-59bc-4d8a-aaf3-30a10ecbac82,0.0,false
d0390c9d-accd-42a2-a711-877edd35273c,true,5d45bac1-246b-4109-8a69-2e6391a848db,d2163d84-99ef-4fc7-9677-9a1c3f18f721,0.0,false
d1673f22-f3a6-4413-97c9-3984ece06a5a,true,5d45bac1-246b-4109-8a69-2e6391a848db,648c7cb0-9e86-4971-b2c0-5b4638ae5476,20850.0,false
d29b8e19-0166-4977-a408-480b9ce6f6e2,true,5d45bac1-246b-4109-8a69-2e6391a848db,96b6712f-bb71-457e-9e83-5b4ca0b2e521,2047.47,false
d3ca6fde-3f65-4f30-bb55-e0d488d7b339,true,5d45bac1-246b-4109-8a69-2e6391a848db,0f1d5844-c2c4-48ab-a60b-a9460974aac6,415.61,false
d40631c4-ec58-401c-b76b-31917b9e5be0,true,5d45bac1-246b-4109-8a69-2e6391a848db,24cf2e77-8f7a-4245-94c8-14ded752c956,139.0,false
d4182ed9-3de0-4dbd-8d14-9aa6b2d76409,true,5d45bac1-246b-4109-8a69-2e6391a848db,6ac256e2-277b-4d25-8309-14c3e0cad261,667.2,false
d4d18a33-289e-4633-9730-8cdea75594be,true,5d45bac1-246b-4109-8a69-2e6391a848db,15ed5340-02b6-41cb-a266-45291febe427,351.67,false
d52644fc-3fec-429d-82d7-a9188f614adc,true,5d45bac1-246b-4109-8a69-2e6391a848db,38c91649-e3d3-4fed-98e6-81a06bea50a8,276.61,false
d6e509aa-e12a-4127-9de0-1ac7298c96be,true,5d45bac1-246b-4109-8a69-2e6391a848db,d2c6b8fa-d79e-4956-947a-86d51cedde5d,1.39,false
de21703c-d7d8-4a2a-8944-17d3621a5667,true,5d45bac1-246b-4109-8a69-2e6391a848db,77fa6bed-d6e2-4a66-83ce-ed89ee81a00e,619.94,false
df618384-74ec-43fa-8f0c-62d84b402fa0,true,5d45bac1-246b-4109-8a69-2e6391a848db,c80d7934-9493-4606-b98e-8bf3ec6fd40c,764.5,false
dff7a44f-db73-4b38-a285-f04a650b2d1a,true,5d45bac1-246b-4109-8a69-2e6391a848db,35e68b0a-861c-4f06-a2d2-b5d970e5e448,347.5,false
e2a4935d-0db2-4ba7-b6cb-b21056d84fb5,true,5d45bac1-246b-4109-8a69-2e6391a848db,1804e071-0da2-47d4-a95a-b8f81bd1cb27,83.4,false
e4e04060-03fa-485b-beeb-23c1cf407379,true,5d45bac1-246b-4109-8a69-2e6391a848db,511e1d6b-071f-49f0-afd9-610e080e02cc,695.0,false
e6403a5e-715f-4a23-b542-7235bedbe5e3,true,5d45bac1-246b-4109-8a69-2e6391a848db,476c5a6a-bcf1-4754-81ce-be8fe137d8ed,69.5,false
ebc7057d-8a3a-4a3c-ab1d-d1296f546bf9,true,5d45bac1-246b-4109-8a69-2e6391a848db,7cf06f73-453e-4a02-bed2-ffae699282a6,0.0,false
ec84eef3-66f0-42db-9eca-bacb4b05c534,true,5d45bac1-246b-4109-8a69-2e6391a848db,0a756b92-b1c3-4868-92c3-680f43697096,695.0,false
eccae7e8-9154-40f8-bcc0-68356df54934,true,5d45bac1-246b-4109-8a69-2e6391a848db,6a709eee-a75f-421a-8bcd-0c1ba0e37480,2641.0,false
ed0647f2-f992-4571-978d-511030450865,true,5d45bac1-246b-4109-8a69-2e6391a848db,81dfa986-c8a5-4931-8419-90022afd2827,0.0,false
ef80ba83-fb87-4b14-88ad-54fb820516a7,true,5d45bac1-246b-4109-8a69-2e6391a848db,a4181869-dd4c-4ecb-b017-f1ab5d50e6e3,139.0,false
f01f638c-1949-4e38-80b7-00946b312e68,true,5d45bac1-246b-4109-8a69-2e6391a848db,53003732-816e-4c20-b3f4-bbca037a7eca,13900.0,false
f131bbda-2240-4afb-b326-6ab33bcf05ec,true,73ce86d2-4e80-4277-b3f7-2c536fd54860,dcdfdd84-96e1-46a5-b854-762a181d07e4,100.0,false
f292c4c6-8b98-498a-b87c-3fcb2d9d75b6,true,5d45bac1-246b-4109-8a69-2e6391a848db,84b14321-b2f7-4eac-8fbc-ab6ef4856c7e,139.0,false
f3376983-3a05-401a-904e-342c2046e343,true,5d45bac1-246b-4109-8a69-2e6391a848db,c1033eee-2af0-467f-94f3-dca57b9648ef,351.67,false
f3daf61b-cfca-4e64-8956-dfd067dc3b1b,true,5d45bac1-246b-4109-8a69-2e6391a848db,6fc62b59-c489-4352-b150-b3e62b9f8e53,139.0,false
f548fa05-dcf0-47e0-998f-881471bf7975,true,5d45bac1-246b-4109-8a69-2e6391a848db,55849c09-f5db-4235-b29a-b64b944371c5,2780.0,false
f6aea195-f972-43b0-813b-6edf7f406a91,true,5d45bac1-246b-4109-8a69-2e6391a848db,e9d61128-70b3-4549-b716-778b8fe11c4f,278.0,false
f856d0ea-d802-47a2-a759-5e209ec877f3,true,5d45bac1-246b-4109-8a69-2e6391a848db,d636da8d-5020-4de6-b5d0-f9a743de6ba8,347.5,false
f8def8e7-a13c-4469-bdb2-05000f241988,true,5d45bac1-246b-4109-8a69-2e6391a848db,46199e74-a347-4917-9446-b40fdeee07dc,6950.0,false
faa2d544-a539-451d-9466-4230bc00fcff,true,5d45bac1-246b-4109-8a69-2e6391a848db,44715a96-6094-4a24-bae8-a80bd10c8141,729.75,false
faa6541a-e65a-49ff-843c-c3eab30d8e01,true,5d45bac1-246b-4109-8a69-2e6391a848db,d2cc8fd5-f63f-4976-8dd4-c9b0b59e6421,56.99,false
fe1cc630-1a42-4502-b9da-c1d74c4a14c5,true,5d45bac1-246b-4109-8a69-2e6391a848db,0b53a363-04a9-4875-b218-237e186055c5,33360.0,false
